{
  "name": "vue-demo-webpack",
  "version": "1.0.0",
  "description": "HN clone with Vue.js using HN API",
  "scripts": {
    "dev": "gulp",
    "build": "cross-env NODE_ENV=production webpack --progress --hide-modules"
  },
  "devDependencies": {
    "babel-core": "^6.1.21",
    "babel-loader": "^6.1.0",
    "babel-plugin-transform-runtime": "^6.1.18",
    "babel-preset-es2015": "^6.1.18",
    "babel-runtime": "^5.8.0",
    "cross-env": "^1.0.5",
    "css-loader": "*",
    "express": "*",
    "extract-text-webpack-plugin": "^1.0.1",
    "file-loader": "^0.8.5",
    "gulp": "*",
    "gulp-cssurl": "*",
    "gulp-less": "^3.0.5",
    "gulp-minify-css": "^1.2.4",
    "gulp-nodemon": "*",
    "gulp-replace": "^0.5.4",
    "gulp-rev": "*",
    "gulp-rev-collector": "*",
    "gulp-svg-sprites": "*",
    "gulp-webpack": "*",
    "less-loader": "*",
    "mockjs": "*",
    "stylus-loader": "^1.4.0",
    "svg-loader": "0.0.2",
    "vue-hot-reload-api": "^1.2.0",
    "vue-html-loader": "^1.0.0",
    "vue-loader": "^8.0.0",
    "vue-style-loader": "^1.0.0",
    "webpack": "^1.12.2"
  },
  "dependencies": {
    "es6-promise": "^3.0.2",
    "vue": "*",
    "vue-resource": "*",
    "vue-router": "*",
    "vuex": "^0.5.1"
  }
}
